kfold,iteracion,arquitectura,EL,LC
kfold,iteracion,arquitectura,EL,LC
kfold,iteracion,arquitectura,EL,LC
kfold,iteracion,arquitectura,EL,LC
kfold,iteracion,arquitectura,EL,LC
kfold,iteracion,arquitectura,EL,LC
kfold,iteracion,arquitectura,EL,LC
kfold,iteracion,arquitectura,EL,LC
kfold,iteracion,arquitectura,EL,LC
kfold,iteracion,arquitectura,EL,LC
kfold,iteracion,arquitectura,EL,LC
kfold,iteracion,arquitectura,EL,LC
kfold,iteracion,arquitectura,EL,LC
kfold,iteracion,arquitectura,EL,LC
kfold,iteracion,arquitectura,EL,LC
kfold,iteracion,arquitectura,EL,LC
kfold,iteracion,arquitectura,EL,LC
kfold,iteracion,arquitectura,EL,LC
